<hibernate-configuration>
 <session-factory>
 <!-- Database connection settings -->
 <property name="connection.driver_class">com.microsoft.sqlserver.jdbc.SQLServerDriver</property>
 <property
name="connection.url">jdbc:sqlserver://localhost:1433;database=Sokoban;integratedSecurity=true;</property>
 <!-- JDBC connection pool (use the built-in) -->
 <property name="connection.pool_size">10</property>
 <!-- SQL dialect -->
 <property name="dialect">org.hibernate.dialect.SQLServer2012Dialect</property>
 <!-- Echo all executed SQL to stdout -->
 <property name="show_sql">true</property>
 <mapping class="model.db.User"></mapping>
 <mapping class="commons.Level"></mapping>
 <mapping class="model.db.Score"></mapping>
 <mapping class="model.db.ScorePK"></mapping>
 </session-factory>
</hibernate-configuration>
<!-- Run Configurations... -->
<!-- VM arguments: -->
<!-- -Djava.library.path="C:\JDBC\sqljdbc_6.0\enu\auth\x64" -->